{
    "d60bee50-7407-11e9-b3f6-917912a9f4c5": {
        "id": "d60bee50-7407-11e9-b3f6-917912a9f4c5",
        "uploader": "joao",
        "title": "selfie",
        "description": "blablabla",
        "size": 1024,
        "url": "www.facebook.com/selfie",
        "likes": 23,
        "dislikes": 2,
        "comments": [
            "blabla",
            "hahahaha"
        ],
        "tags": [
            "selfie",
            "funny"
        ]
    },
    "58f7dc70-7408-11e9-b1f3-d37a36eb0d25": {
        "id": "58f7dc70-7408-11e9-b1f3-d37a36eb0d25",
        "uploader": "Valve",
        "title": "CS:GO",
        "description": "counter strike",
        "size": 1024,
        "url": "www.intagram.com/csgo",
        "likes": 3423,
        "dislikes": 54,
        "comments": [
            "blablabla",
            "hahahaha"
        ],
        "tags": [
            "games",
            "funny"
        ]
    },
    "93f10f40-7408-11e9-b499-4b3937c5255e": {
        "id": "93f10f40-7408-11e9-b499-4b3937c5255e",
        "uploader": "9gag",
        "title": "cat",
        "description": "funny cat",
        "size": 1024,
        "url": "www.intagram.com/cats",
        "likes": 34223,
        "dislikes": 543,
        "comments": [
            "so cute",
            "hahahaha"
        ],
        "tags": [
            "animals",
            "funny"
        ]
    },
    "1041b4a0-7409-11e9-8073-05a668ede038": {
        "id": "1041b4a0-7409-11e9-8073-05a668ede038",
        "uploader": "Marvel",
        "title": "End Game",
        "description": "Avengers : End Game",
        "size": 2048,
        "url": "www.intagram.com/films",
        "likes": 3422389,
        "dislikes": 97,
        "comments": [
            "iron man dies"
        ],
        "tags": [
            "fiction",
            "action"
        ]
    },
    "fc789990-75a0-11e9-a5f2-e53338ce4a9b": {
        "id": "fc789990-75a0-11e9-a5f2-e53338ce4a9b",
        "uploader": "Joana",
        "title": "look",
        "description": "...",
        "size": 2048,
        "url": "www.intagram.com/joana",
        "likes": 3422397,
        "dislikes": 94,
        "comments": [
            "<3",
            "es linda"
        ],
        "tags": [
            "#me",
            "#you"
        ]
    }
}